"id","gender","age","attnpassed","state","response"
1,1,20,0,"Anger",64
1,1,20,0,"Sadness",11
1,1,20,0,"Embarrassment",30
1,1,20,0,"Fear",30
1,1,20,0,"Disgust",32
1,1,20,0,"Guilt",3
1,1,20,0,"Offense",35
1,1,20,0,"Contempt",64
1,1,20,0,"Anxiety",4
1,1,20,0,"Alertness",44
1,1,20,0,"Amusement",83
1,1,20,0,"Awe",87
1,1,20,0,"Satisfaction",84
1,1,20,0,"Joy",71
1,1,20,0,"Gratitude",64
1,1,20,0,"Hope",21
1,1,20,0,"Love",65
1,1,20,0,"Pride",86
2,2,32,0,"Anger",31
2,2,32,0,"Sadness",37
2,2,32,0,"Embarrassment",64
2,2,32,0,"Fear",16
2,2,32,0,"Disgust",22
2,2,32,0,"Guilt",100
2,2,32,0,"Offense",29
2,2,32,0,"Contempt",24
2,2,32,0,"Anxiety",6
2,2,32,0,"Alertness",85
2,2,32,0,"Amusement",87
2,2,32,0,"Awe",66
2,2,32,0,"Satisfaction",87
2,2,32,0,"Joy",85
2,2,32,0,"Gratitude",76
2,2,32,0,"Hope",100
2,2,32,0,"Love",50
2,2,32,0,"Pride",19
3,2,49,1,"Anger",33
3,2,49,1,"Sadness",67
3,2,49,1,"Embarrassment",50
3,2,49,1,"Fear",69
3,2,49,1,"Disgust",31
3,2,49,1,"Guilt",74
3,2,49,1,"Offense",32
3,2,49,1,"Contempt",33
3,2,49,1,"Anxiety",31
3,2,49,1,"Alertness",31
3,2,49,1,"Amusement",50
3,2,49,1,"Awe",50
3,2,49,1,"Satisfaction",31
3,2,49,1,"Joy",68
3,2,49,1,"Gratitude",50
3,2,49,1,"Hope",50
3,2,49,1,"Love",70
3,2,49,1,"Pride",31
4,2,32,1,"Anger",22
4,2,32,1,"Sadness",43
4,2,32,1,"Embarrassment",28
4,2,32,1,"Fear",23
4,2,32,1,"Disgust",8
4,2,32,1,"Guilt",25
4,2,32,1,"Offense",7
4,2,32,1,"Contempt",12
4,2,32,1,"Anxiety",23
4,2,32,1,"Alertness",89
4,2,32,1,"Amusement",91
4,2,32,1,"Awe",85
4,2,32,1,"Satisfaction",96
4,2,32,1,"Joy",81
4,2,32,1,"Gratitude",98
4,2,32,1,"Hope",96
4,2,32,1,"Love",100
4,2,32,1,"Pride",76
5,1,19,1,"Anger",34
5,1,19,1,"Sadness",35
5,1,19,1,"Embarrassment",33
5,1,19,1,"Fear",16
5,1,19,1,"Disgust",16
5,1,19,1,"Guilt",16
5,1,19,1,"Offense",16
5,1,19,1,"Contempt",8
5,1,19,1,"Anxiety",33
5,1,19,1,"Alertness",88
5,1,19,1,"Amusement",85
5,1,19,1,"Awe",85
5,1,19,1,"Satisfaction",99
5,1,19,1,"Joy",85
5,1,19,1,"Gratitude",100
5,1,19,1,"Hope",98
5,1,19,1,"Love",85
5,1,19,1,"Pride",72
6,1,42,1,"Anger",7
6,1,42,1,"Sadness",25
6,1,42,1,"Embarrassment",18
6,1,42,1,"Fear",0
6,1,42,1,"Disgust",32
6,1,42,1,"Guilt",25
6,1,42,1,"Offense",13
6,1,42,1,"Contempt",7
6,1,42,1,"Anxiety",25
6,1,42,1,"Alertness",100
6,1,42,1,"Amusement",100
6,1,42,1,"Awe",77
6,1,42,1,"Satisfaction",100
6,1,42,1,"Joy",85
6,1,42,1,"Gratitude",95
6,1,42,1,"Hope",85
6,1,42,1,"Love",100
6,1,42,1,"Pride",85
7,1,48,1,"Anger",36
7,1,48,1,"Sadness",62
7,1,48,1,"Embarrassment",35
7,1,48,1,"Fear",62
7,1,48,1,"Disgust",13
7,1,48,1,"Guilt",40
7,1,48,1,"Offense",65
7,1,48,1,"Contempt",67
7,1,48,1,"Anxiety",33
7,1,48,1,"Alertness",42
7,1,48,1,"Amusement",23
7,1,48,1,"Awe",60
7,1,48,1,"Satisfaction",52
7,1,48,1,"Joy",24
7,1,48,1,"Gratitude",34
7,1,48,1,"Hope",62
7,1,48,1,"Love",38
7,1,48,1,"Pride",36
8,2,32,0,"Anger",70
8,2,32,0,"Sadness",50
8,2,32,0,"Embarrassment",17
8,2,32,0,"Fear",30
8,2,32,0,"Disgust",50
8,2,32,0,"Guilt",12
8,2,32,0,"Offense",50
8,2,32,0,"Contempt",21
8,2,32,0,"Anxiety",37
8,2,32,0,"Alertness",92
8,2,32,0,"Amusement",68
8,2,32,0,"Awe",70
8,2,32,0,"Satisfaction",92
8,2,32,0,"Joy",70
8,2,32,0,"Gratitude",92
8,2,32,0,"Hope",82
8,2,32,0,"Love",90
8,2,32,0,"Pride",64
9,1,29,0,"Anger",32
9,1,29,0,"Sadness",33
9,1,29,0,"Embarrassment",0
9,1,29,0,"Fear",15
9,1,29,0,"Disgust",49
9,1,29,0,"Guilt",29
9,1,29,0,"Offense",0
9,1,29,0,"Contempt",34
9,1,29,0,"Anxiety",69
9,1,29,0,"Alertness",88
9,1,29,0,"Amusement",100
9,1,29,0,"Awe",51
9,1,29,0,"Satisfaction",87
9,1,29,0,"Joy",97
9,1,29,0,"Gratitude",69
9,1,29,0,"Hope",82
9,1,29,0,"Love",100
9,1,29,0,"Pride",76
10,2,42,1,"Anger",50
10,2,42,1,"Sadness",33
10,2,42,1,"Embarrassment",40
10,2,42,1,"Fear",24
10,2,42,1,"Disgust",31
10,2,42,1,"Guilt",31
10,2,42,1,"Offense",31
10,2,42,1,"Contempt",23
10,2,42,1,"Anxiety",40
10,2,42,1,"Alertness",100
10,2,42,1,"Amusement",84
10,2,42,1,"Awe",50
10,2,42,1,"Satisfaction",68
10,2,42,1,"Joy",85
10,2,42,1,"Gratitude",77
10,2,42,1,"Hope",50
10,2,42,1,"Love",99
10,2,42,1,"Pride",69
11,2,28,0,"Anger",84
11,2,28,0,"Sadness",100
11,2,28,0,"Embarrassment",100
11,2,28,0,"Fear",100
11,2,28,0,"Disgust",85
11,2,28,0,"Guilt",31
11,2,28,0,"Offense",50
11,2,28,0,"Contempt",67
11,2,28,0,"Anxiety",100
11,2,28,0,"Alertness",34
11,2,28,0,"Amusement",68
11,2,28,0,"Awe",15
11,2,28,0,"Satisfaction",16
11,2,28,0,"Joy",16
11,2,28,0,"Gratitude",50
11,2,28,0,"Hope",15
11,2,28,0,"Love",0
11,2,28,0,"Pride",15
12,1,33,0,"Anger",36
12,1,33,0,"Sadness",47
12,1,33,0,"Embarrassment",41
12,1,33,0,"Fear",20
12,1,33,0,"Disgust",36
12,1,33,0,"Guilt",63
12,1,33,0,"Offense",11
12,1,33,0,"Contempt",20
12,1,33,0,"Anxiety",71
12,1,33,0,"Alertness",87
12,1,33,0,"Amusement",80
12,1,33,0,"Awe",59
12,1,33,0,"Satisfaction",59
12,1,33,0,"Joy",74
12,1,33,0,"Gratitude",80
12,1,33,0,"Hope",73
12,1,33,0,"Love",100
12,1,33,0,"Pride",63
13,1,25,0,"Anger",67
13,1,25,0,"Sadness",68
13,1,25,0,"Embarrassment",36
13,1,25,0,"Fear",44
13,1,25,0,"Disgust",62
13,1,25,0,"Guilt",43
13,1,25,0,"Offense",50
13,1,25,0,"Contempt",40
13,1,25,0,"Anxiety",59
13,1,25,0,"Alertness",69
13,1,25,0,"Amusement",80
13,1,25,0,"Awe",64
13,1,25,0,"Satisfaction",64
13,1,25,0,"Joy",71
13,1,25,0,"Gratitude",67
13,1,25,0,"Hope",67
13,1,25,0,"Love",48
13,1,25,0,"Pride",53
14,1,29,1,"Anger",98
14,1,29,1,"Sadness",68
14,1,29,1,"Embarrassment",42
14,1,29,1,"Fear",6
14,1,29,1,"Disgust",5
14,1,29,1,"Guilt",30
14,1,29,1,"Offense",84
14,1,29,1,"Contempt",65
14,1,29,1,"Anxiety",66
14,1,29,1,"Alertness",8
14,1,29,1,"Amusement",15
14,1,29,1,"Awe",0
14,1,29,1,"Satisfaction",0
14,1,29,1,"Joy",0
14,1,29,1,"Gratitude",32
14,1,29,1,"Hope",0
14,1,29,1,"Love",0
14,1,29,1,"Pride",0
15,2,25,1,"Anger",50
15,2,25,1,"Sadness",66
15,2,25,1,"Embarrassment",31
15,2,25,1,"Fear",50
15,2,25,1,"Disgust",50
15,2,25,1,"Guilt",50
15,2,25,1,"Offense",33
15,2,25,1,"Contempt",32
15,2,25,1,"Anxiety",66
15,2,25,1,"Alertness",84
15,2,25,1,"Amusement",66
15,2,25,1,"Awe",32
15,2,25,1,"Satisfaction",66
15,2,25,1,"Joy",68
15,2,25,1,"Gratitude",50
15,2,25,1,"Hope",50
15,2,25,1,"Love",100
15,2,25,1,"Pride",68
16,1,35,1,"Anger",89
16,1,35,1,"Sadness",86
16,1,35,1,"Embarrassment",69
16,1,35,1,"Fear",75
16,1,35,1,"Disgust",60
16,1,35,1,"Guilt",49
16,1,35,1,"Offense",48
16,1,35,1,"Contempt",33
16,1,35,1,"Anxiety",96
16,1,35,1,"Alertness",85
16,1,35,1,"Amusement",62
16,1,35,1,"Awe",24
16,1,35,1,"Satisfaction",29
16,1,35,1,"Joy",39
16,1,35,1,"Gratitude",84
16,1,35,1,"Hope",25
16,1,35,1,"Love",100
16,1,35,1,"Pride",36
17,2,32,1,"Anger",19
17,2,32,1,"Sadness",50
17,2,32,1,"Embarrassment",35
17,2,32,1,"Fear",32
17,2,32,1,"Disgust",33
17,2,32,1,"Guilt",14
17,2,32,1,"Offense",31
17,2,32,1,"Contempt",17
17,2,32,1,"Anxiety",33
17,2,32,1,"Alertness",85
17,2,32,1,"Amusement",68
17,2,32,1,"Awe",32
17,2,32,1,"Satisfaction",85
17,2,32,1,"Joy",34
17,2,32,1,"Gratitude",84
17,2,32,1,"Hope",68
17,2,32,1,"Love",86
17,2,32,1,"Pride",33
18,1,30,1,"Anger",12
18,1,30,1,"Sadness",14
18,1,30,1,"Embarrassment",6
18,1,30,1,"Fear",14
18,1,30,1,"Disgust",9
18,1,30,1,"Guilt",13
18,1,30,1,"Offense",12
18,1,30,1,"Contempt",9
18,1,30,1,"Anxiety",12
18,1,30,1,"Alertness",79
18,1,30,1,"Amusement",81
18,1,30,1,"Awe",62
18,1,30,1,"Satisfaction",86
18,1,30,1,"Joy",83
18,1,30,1,"Gratitude",77
18,1,30,1,"Hope",80
18,1,30,1,"Love",71
18,1,30,1,"Pride",77
19,1,28,0,"Anger",45
19,1,28,0,"Sadness",64
19,1,28,0,"Embarrassment",44
19,1,28,0,"Fear",62
19,1,28,0,"Disgust",57
19,1,28,0,"Guilt",58
19,1,28,0,"Offense",62
19,1,28,0,"Contempt",60
19,1,28,0,"Anxiety",62
19,1,28,0,"Alertness",68
19,1,28,0,"Amusement",62
19,1,28,0,"Awe",34
19,1,28,0,"Satisfaction",74
19,1,28,0,"Joy",40
19,1,28,0,"Gratitude",53
19,1,28,0,"Hope",59
19,1,28,0,"Love",64
19,1,28,0,"Pride",43
20,2,28,1,"Anger",50
20,2,28,1,"Sadness",30
20,2,28,1,"Embarrassment",59
20,2,28,1,"Fear",29
20,2,28,1,"Disgust",23
20,2,28,1,"Guilt",16
20,2,28,1,"Offense",33
20,2,28,1,"Contempt",14
20,2,28,1,"Anxiety",50
20,2,28,1,"Alertness",83
20,2,28,1,"Amusement",85
20,2,28,1,"Awe",68
20,2,28,1,"Satisfaction",100
20,2,28,1,"Joy",99
20,2,28,1,"Gratitude",34
20,2,28,1,"Hope",66
20,2,28,1,"Love",99
20,2,28,1,"Pride",66
21,1,29,0,"Anger",50
21,1,29,0,"Sadness",9
21,1,29,0,"Embarrassment",27
21,1,29,0,"Fear",44
21,1,29,0,"Disgust",50
21,1,29,0,"Guilt",36
21,1,29,0,"Offense",30
21,1,29,0,"Contempt",26
21,1,29,0,"Anxiety",45
21,1,29,0,"Alertness",88
21,1,29,0,"Amusement",85
21,1,29,0,"Awe",69
21,1,29,0,"Satisfaction",72
21,1,29,0,"Joy",70
21,1,29,0,"Gratitude",84
21,1,29,0,"Hope",84
21,1,29,0,"Love",100
21,1,29,0,"Pride",82
22,1,29,0,"Anger",57
22,1,29,0,"Sadness",50
22,1,29,0,"Embarrassment",40
22,1,29,0,"Fear",55
22,1,29,0,"Disgust",50
22,1,29,0,"Guilt",32
22,1,29,0,"Offense",32
22,1,29,0,"Contempt",37
22,1,29,0,"Anxiety",81
22,1,29,0,"Alertness",84
22,1,29,0,"Amusement",54
22,1,29,0,"Awe",31
22,1,29,0,"Satisfaction",65
22,1,29,0,"Joy",68
22,1,29,0,"Gratitude",54
22,1,29,0,"Hope",57
22,1,29,0,"Love",95
22,1,29,0,"Pride",66
23,1,30,1,"Anger",29
23,1,30,1,"Sadness",30
23,1,30,1,"Embarrassment",20
23,1,30,1,"Fear",0
23,1,30,1,"Disgust",28
23,1,30,1,"Guilt",11
23,1,30,1,"Offense",24
23,1,30,1,"Contempt",14
23,1,30,1,"Anxiety",10
23,1,30,1,"Alertness",88
23,1,30,1,"Amusement",83
23,1,30,1,"Awe",53
23,1,30,1,"Satisfaction",77
23,1,30,1,"Joy",84
23,1,30,1,"Gratitude",85
23,1,30,1,"Hope",100
23,1,30,1,"Love",84
23,1,30,1,"Pride",49
24,1,40,0,"Anger",50
24,1,40,0,"Sadness",27
24,1,40,0,"Embarrassment",23
24,1,40,0,"Fear",31
24,1,40,0,"Disgust",33
24,1,40,0,"Guilt",33
24,1,40,0,"Offense",32
24,1,40,0,"Contempt",33
24,1,40,0,"Anxiety",70
24,1,40,0,"Alertness",66
24,1,40,0,"Amusement",41
24,1,40,0,"Awe",51
24,1,40,0,"Satisfaction",68
24,1,40,0,"Joy",52
24,1,40,0,"Gratitude",47
24,1,40,0,"Hope",68
24,1,40,0,"Love",84
24,1,40,0,"Pride",35
25,1,25,0,"Anger",33
25,1,25,0,"Sadness",22
25,1,25,0,"Embarrassment",36
25,1,25,0,"Fear",33
25,1,25,0,"Disgust",50
25,1,25,0,"Guilt",30
25,1,25,0,"Offense",1
25,1,25,0,"Contempt",28
25,1,25,0,"Anxiety",35
25,1,25,0,"Alertness",83
25,1,25,0,"Amusement",67
25,1,25,0,"Awe",10
25,1,25,0,"Satisfaction",68
25,1,25,0,"Joy",56
25,1,25,0,"Gratitude",41
25,1,25,0,"Hope",56
25,1,25,0,"Love",85
25,1,25,0,"Pride",42
26,2,42,1,"Anger",32
26,2,42,1,"Sadness",33
26,2,42,1,"Embarrassment",16
26,2,42,1,"Fear",50
26,2,42,1,"Disgust",32
26,2,42,1,"Guilt",15
26,2,42,1,"Offense",33
26,2,42,1,"Contempt",15
26,2,42,1,"Anxiety",69
26,2,42,1,"Alertness",84
26,2,42,1,"Amusement",67
26,2,42,1,"Awe",66
26,2,42,1,"Satisfaction",50
26,2,42,1,"Joy",68
26,2,42,1,"Gratitude",67
26,2,42,1,"Hope",67
26,2,42,1,"Love",100
26,2,42,1,"Pride",85
27,1,35,0,"Anger",63
27,1,35,0,"Sadness",65
27,1,35,0,"Embarrassment",64
27,1,35,0,"Fear",76
27,1,35,0,"Disgust",57
27,1,35,0,"Guilt",72
27,1,35,0,"Offense",69
27,1,35,0,"Contempt",19
27,1,35,0,"Anxiety",81
27,1,35,0,"Alertness",93
27,1,35,0,"Amusement",86
27,1,35,0,"Awe",92
27,1,35,0,"Satisfaction",89
27,1,35,0,"Joy",84
27,1,35,0,"Gratitude",89
27,1,35,0,"Hope",80
27,1,35,0,"Love",98
27,1,35,0,"Pride",39
28,2,31,1,"Anger",67
28,2,31,1,"Sadness",69
28,2,31,1,"Embarrassment",48
28,2,31,1,"Fear",32
28,2,31,1,"Disgust",67
28,2,31,1,"Guilt",50
28,2,31,1,"Offense",68
28,2,31,1,"Contempt",50
28,2,31,1,"Anxiety",68
28,2,31,1,"Alertness",84
28,2,31,1,"Amusement",83
28,2,31,1,"Awe",50
28,2,31,1,"Satisfaction",69
28,2,31,1,"Joy",84
28,2,31,1,"Gratitude",66
28,2,31,1,"Hope",64
28,2,31,1,"Love",85
28,2,31,1,"Pride",50
29,2,29,0,"Anger",38
29,2,29,0,"Sadness",48
29,2,29,0,"Embarrassment",32
29,2,29,0,"Fear",24
29,2,29,0,"Disgust",48
29,2,29,0,"Guilt",34
29,2,29,0,"Offense",31
29,2,29,0,"Contempt",30
29,2,29,0,"Anxiety",33
29,2,29,0,"Alertness",70
29,2,29,0,"Amusement",81
29,2,29,0,"Awe",40
29,2,29,0,"Satisfaction",90
29,2,29,0,"Joy",69
29,2,29,0,"Gratitude",72
29,2,29,0,"Hope",61
29,2,29,0,"Love",82
29,2,29,0,"Pride",50
30,2,28,1,"Anger",11
30,2,28,1,"Sadness",34
30,2,28,1,"Embarrassment",27
30,2,28,1,"Fear",49
30,2,28,1,"Disgust",49
30,2,28,1,"Guilt",0
30,2,28,1,"Offense",31
30,2,28,1,"Contempt",85
30,2,28,1,"Anxiety",32
30,2,28,1,"Alertness",100
30,2,28,1,"Amusement",86
30,2,28,1,"Awe",100
30,2,28,1,"Satisfaction",85
30,2,28,1,"Joy",82
30,2,28,1,"Gratitude",88
30,2,28,1,"Hope",100
30,2,28,1,"Love",100
30,2,28,1,"Pride",16
31,2,32,1,"Anger",15
31,2,32,1,"Sadness",67
31,2,32,1,"Embarrassment",69
31,2,32,1,"Fear",67
31,2,32,1,"Disgust",33
31,2,32,1,"Guilt",66
31,2,32,1,"Offense",50
31,2,32,1,"Contempt",34
31,2,32,1,"Anxiety",52
31,2,32,1,"Alertness",87
31,2,32,1,"Amusement",100
31,2,32,1,"Awe",65
31,2,32,1,"Satisfaction",100
31,2,32,1,"Joy",100
31,2,32,1,"Gratitude",100
31,2,32,1,"Hope",50
31,2,32,1,"Love",100
31,2,32,1,"Pride",31
32,2,53,1,"Anger",25
32,2,53,1,"Sadness",79
32,2,53,1,"Embarrassment",49
32,2,53,1,"Fear",68
32,2,53,1,"Disgust",35
32,2,53,1,"Guilt",68
32,2,53,1,"Offense",10
32,2,53,1,"Contempt",50
32,2,53,1,"Anxiety",70
32,2,53,1,"Alertness",84
32,2,53,1,"Amusement",49
32,2,53,1,"Awe",85
32,2,53,1,"Satisfaction",85
32,2,53,1,"Joy",84
32,2,53,1,"Gratitude",84
32,2,53,1,"Hope",84
32,2,53,1,"Love",84
32,2,53,1,"Pride",33
33,1,36,1,"Anger",26
33,1,36,1,"Sadness",25
33,1,36,1,"Embarrassment",12
33,1,36,1,"Fear",11
33,1,36,1,"Disgust",11
33,1,36,1,"Guilt",18
33,1,36,1,"Offense",47
33,1,36,1,"Contempt",13
33,1,36,1,"Anxiety",30
33,1,36,1,"Alertness",79
33,1,36,1,"Amusement",86
33,1,36,1,"Awe",30
33,1,36,1,"Satisfaction",84
33,1,36,1,"Joy",85
33,1,36,1,"Gratitude",80
33,1,36,1,"Hope",62
33,1,36,1,"Love",100
33,1,36,1,"Pride",91
34,2,29,0,"Anger",16
34,2,29,0,"Sadness",15
34,2,29,0,"Embarrassment",15
34,2,29,0,"Fear",33
34,2,29,0,"Disgust",15
34,2,29,0,"Guilt",15
34,2,29,0,"Offense",0
34,2,29,0,"Contempt",100
34,2,29,0,"Anxiety",49
34,2,29,0,"Alertness",100
34,2,29,0,"Amusement",85
34,2,29,0,"Awe",68
34,2,29,0,"Satisfaction",100
34,2,29,0,"Joy",84
34,2,29,0,"Gratitude",85
34,2,29,0,"Hope",68
34,2,29,0,"Love",100
34,2,29,0,"Pride",67
35,1,28,0,"Anger",85
35,1,28,0,"Sadness",68
35,1,28,0,"Embarrassment",67
35,1,28,0,"Fear",50
35,1,28,0,"Disgust",50
35,1,28,0,"Guilt",70
35,1,28,0,"Offense",69
35,1,28,0,"Contempt",69
35,1,28,0,"Anxiety",72
35,1,28,0,"Alertness",82
35,1,28,0,"Amusement",69
35,1,28,0,"Awe",50
35,1,28,0,"Satisfaction",50
35,1,28,0,"Joy",71
35,1,28,0,"Gratitude",50
35,1,28,0,"Hope",50
35,1,28,0,"Love",86
35,1,28,0,"Pride",49
36,1,40,1,"Anger",50
36,1,40,1,"Sadness",50
36,1,40,1,"Embarrassment",50
36,1,40,1,"Fear",33
36,1,40,1,"Disgust",32
36,1,40,1,"Guilt",50
36,1,40,1,"Offense",50
36,1,40,1,"Contempt",50
36,1,40,1,"Anxiety",35
36,1,40,1,"Alertness",68
36,1,40,1,"Amusement",85
36,1,40,1,"Awe",32
36,1,40,1,"Satisfaction",67
36,1,40,1,"Joy",50
36,1,40,1,"Gratitude",67
36,1,40,1,"Hope",50
36,1,40,1,"Love",84
36,1,40,1,"Pride",33
37,2,65,0,"Anger",16
37,2,65,0,"Sadness",15
37,2,65,0,"Embarrassment",16
37,2,65,0,"Fear",16
37,2,65,0,"Disgust",13
37,2,65,0,"Guilt",16
37,2,65,0,"Offense",14
37,2,65,0,"Contempt",0
37,2,65,0,"Anxiety",15
37,2,65,0,"Alertness",83
37,2,65,0,"Amusement",100
37,2,65,0,"Awe",67
37,2,65,0,"Satisfaction",84
37,2,65,0,"Joy",84
37,2,65,0,"Gratitude",100
37,2,65,0,"Hope",100
37,2,65,0,"Love",100
37,2,65,0,"Pride",15
38,2,61,0,"Anger",46
38,2,61,0,"Sadness",32
38,2,61,0,"Embarrassment",32
38,2,61,0,"Fear",17
38,2,61,0,"Disgust",50
38,2,61,0,"Guilt",16
38,2,61,0,"Offense",31
38,2,61,0,"Contempt",50
38,2,61,0,"Anxiety",31
38,2,61,0,"Alertness",98
38,2,61,0,"Amusement",68
38,2,61,0,"Awe",50
38,2,61,0,"Satisfaction",66
38,2,61,0,"Joy",83
38,2,61,0,"Gratitude",66
38,2,61,0,"Hope",83
38,2,61,0,"Love",31
38,2,61,0,"Pride",49
39,1,36,0,"Anger",32
39,1,36,0,"Sadness",16
39,1,36,0,"Embarrassment",17
39,1,36,0,"Fear",16
39,1,36,0,"Disgust",34
39,1,36,0,"Guilt",0
39,1,36,0,"Offense",33
39,1,36,0,"Contempt",0
39,1,36,0,"Anxiety",0
39,1,36,0,"Alertness",100
39,1,36,0,"Amusement",85
39,1,36,0,"Awe",34
39,1,36,0,"Satisfaction",85
39,1,36,0,"Joy",100
39,1,36,0,"Gratitude",100
39,1,36,0,"Hope",100
39,1,36,0,"Love",100
39,1,36,0,"Pride",100
40,1,48,0,"Anger",67
40,1,48,0,"Sadness",42
40,1,48,0,"Embarrassment",42
40,1,48,0,"Fear",37
40,1,48,0,"Disgust",56
40,1,48,0,"Guilt",44
40,1,48,0,"Offense",52
40,1,48,0,"Contempt",47
40,1,48,0,"Anxiety",36
40,1,48,0,"Alertness",90
40,1,48,0,"Amusement",62
40,1,48,0,"Awe",67
40,1,48,0,"Satisfaction",66
40,1,48,0,"Joy",69
40,1,48,0,"Gratitude",65
40,1,48,0,"Hope",65
40,1,48,0,"Love",65
40,1,48,0,"Pride",55
41,1,36,1,"Anger",35
41,1,36,1,"Sadness",7
41,1,36,1,"Embarrassment",3
41,1,36,1,"Fear",2
41,1,36,1,"Disgust",5
41,1,36,1,"Guilt",2
41,1,36,1,"Offense",6
41,1,36,1,"Contempt",15
41,1,36,1,"Anxiety",4
41,1,36,1,"Alertness",100
41,1,36,1,"Amusement",83
41,1,36,1,"Awe",25
41,1,36,1,"Satisfaction",93
41,1,36,1,"Joy",90
41,1,36,1,"Gratitude",92
41,1,36,1,"Hope",97
41,1,36,1,"Love",75
41,1,36,1,"Pride",95
42,2,35,1,"Anger",32
42,2,35,1,"Sadness",50
42,2,35,1,"Embarrassment",50
42,2,35,1,"Fear",50
42,2,35,1,"Disgust",34
42,2,35,1,"Guilt",67
42,2,35,1,"Offense",34
42,2,35,1,"Contempt",50
42,2,35,1,"Anxiety",85
42,2,35,1,"Alertness",33
42,2,35,1,"Amusement",85
42,2,35,1,"Awe",50
42,2,35,1,"Satisfaction",66
42,2,35,1,"Joy",34
42,2,35,1,"Gratitude",100
42,2,35,1,"Hope",50
42,2,35,1,"Love",85
42,2,35,1,"Pride",50
43,2,23,0,"Anger",67
43,2,23,0,"Sadness",64
43,2,23,0,"Embarrassment",61
43,2,23,0,"Fear",58
43,2,23,0,"Disgust",67
43,2,23,0,"Guilt",67
43,2,23,0,"Offense",68
43,2,23,0,"Contempt",50
43,2,23,0,"Anxiety",83
43,2,23,0,"Alertness",78
43,2,23,0,"Amusement",87
43,2,23,0,"Awe",50
43,2,23,0,"Satisfaction",64
43,2,23,0,"Joy",78
43,2,23,0,"Gratitude",66
43,2,23,0,"Hope",50
43,2,23,0,"Love",86
43,2,23,0,"Pride",49
44,1,22,0,"Anger",45
44,1,22,0,"Sadness",21
44,1,22,0,"Embarrassment",17
44,1,22,0,"Fear",0
44,1,22,0,"Disgust",2
44,1,22,0,"Guilt",26
44,1,22,0,"Offense",18
44,1,22,0,"Contempt",13
44,1,22,0,"Anxiety",50
44,1,22,0,"Alertness",78
44,1,22,0,"Amusement",50
44,1,22,0,"Awe",50
44,1,22,0,"Satisfaction",81
44,1,22,0,"Joy",73
44,1,22,0,"Gratitude",50
44,1,22,0,"Hope",61
44,1,22,0,"Love",64
44,1,22,0,"Pride",50
45,2,43,0,"Anger",32
45,2,43,0,"Sadness",33
45,2,43,0,"Embarrassment",1
45,2,43,0,"Fear",8
45,2,43,0,"Disgust",2
45,2,43,0,"Guilt",7
45,2,43,0,"Offense",4
45,2,43,0,"Contempt",1
45,2,43,0,"Anxiety",24
45,2,43,0,"Alertness",85
45,2,43,0,"Amusement",79
45,2,43,0,"Awe",31
45,2,43,0,"Satisfaction",67
45,2,43,0,"Joy",67
45,2,43,0,"Gratitude",49
45,2,43,0,"Hope",50
45,2,43,0,"Love",84
45,2,43,0,"Pride",32
46,1,30,1,"Anger",62
46,1,30,1,"Sadness",43
46,1,30,1,"Embarrassment",44
46,1,30,1,"Fear",53
46,1,30,1,"Disgust",34
46,1,30,1,"Guilt",30
46,1,30,1,"Offense",31
46,1,30,1,"Contempt",28
46,1,30,1,"Anxiety",49
46,1,30,1,"Alertness",76
46,1,30,1,"Amusement",78
46,1,30,1,"Awe",66
46,1,30,1,"Satisfaction",81
46,1,30,1,"Joy",86
46,1,30,1,"Gratitude",85
46,1,30,1,"Hope",77
46,1,30,1,"Love",97
46,1,30,1,"Pride",58
47,1,25,1,"Anger",54
47,1,25,1,"Sadness",29
47,1,25,1,"Embarrassment",17
47,1,25,1,"Fear",28
47,1,25,1,"Disgust",24
47,1,25,1,"Guilt",23
47,1,25,1,"Offense",32
47,1,25,1,"Contempt",43
47,1,25,1,"Anxiety",44
47,1,25,1,"Alertness",87
47,1,25,1,"Amusement",66
47,1,25,1,"Awe",50
47,1,25,1,"Satisfaction",57
47,1,25,1,"Joy",66
47,1,25,1,"Gratitude",78
47,1,25,1,"Hope",79
47,1,25,1,"Love",55
47,1,25,1,"Pride",66
48,2,28,1,"Anger",39
48,2,28,1,"Sadness",49
48,2,28,1,"Embarrassment",8
48,2,28,1,"Fear",58
48,2,28,1,"Disgust",32
48,2,28,1,"Guilt",12
48,2,28,1,"Offense",13
48,2,28,1,"Contempt",9
48,2,28,1,"Anxiety",60
48,2,28,1,"Alertness",81
48,2,28,1,"Amusement",32
48,2,28,1,"Awe",24
48,2,28,1,"Satisfaction",33
48,2,28,1,"Joy",43
48,2,28,1,"Gratitude",63
48,2,28,1,"Hope",47
48,2,28,1,"Love",85
48,2,28,1,"Pride",12
49,2,30,0,"Anger",48
49,2,30,0,"Sadness",46
49,2,30,0,"Embarrassment",31
49,2,30,0,"Fear",33
49,2,30,0,"Disgust",47
49,2,30,0,"Guilt",47
49,2,30,0,"Offense",47
49,2,30,0,"Contempt",41
49,2,30,0,"Anxiety",55
49,2,30,0,"Alertness",74
49,2,30,0,"Amusement",55
49,2,30,0,"Awe",48
49,2,30,0,"Satisfaction",79
49,2,30,0,"Joy",66
49,2,30,0,"Gratitude",62
49,2,30,0,"Hope",59
49,2,30,0,"Love",68
49,2,30,0,"Pride",39
50,1,33,1,"Anger",100
50,1,33,1,"Sadness",85
50,1,33,1,"Embarrassment",51
50,1,33,1,"Fear",84
50,1,33,1,"Disgust",67
50,1,33,1,"Guilt",71
50,1,33,1,"Offense",74
50,1,33,1,"Contempt",100
50,1,33,1,"Anxiety",100
50,1,33,1,"Alertness",100
50,1,33,1,"Amusement",32
50,1,33,1,"Awe",0
50,1,33,1,"Satisfaction",0
50,1,33,1,"Joy",0
50,1,33,1,"Gratitude",0
50,1,33,1,"Hope",0
50,1,33,1,"Love",0
50,1,33,1,"Pride",0
51,2,63,1,"Anger",43
51,2,63,1,"Sadness",26
51,2,63,1,"Embarrassment",18
51,2,63,1,"Fear",3
51,2,63,1,"Disgust",24
51,2,63,1,"Guilt",22
51,2,63,1,"Offense",9
51,2,63,1,"Contempt",7
51,2,63,1,"Anxiety",42
51,2,63,1,"Alertness",100
51,2,63,1,"Amusement",69
51,2,63,1,"Awe",85
51,2,63,1,"Satisfaction",85
51,2,63,1,"Joy",85
51,2,63,1,"Gratitude",84
51,2,63,1,"Hope",84
51,2,63,1,"Love",84
51,2,63,1,"Pride",84
52,2,33,1,"Anger",54
52,2,33,1,"Sadness",46
52,2,33,1,"Embarrassment",50
52,2,33,1,"Fear",55
52,2,33,1,"Disgust",50
52,2,33,1,"Guilt",35
52,2,33,1,"Offense",8
52,2,33,1,"Contempt",33
52,2,33,1,"Anxiety",36
52,2,33,1,"Alertness",82
52,2,33,1,"Amusement",66
52,2,33,1,"Awe",50
52,2,33,1,"Satisfaction",84
52,2,33,1,"Joy",66
52,2,33,1,"Gratitude",70
52,2,33,1,"Hope",84
52,2,33,1,"Love",82
52,2,33,1,"Pride",52
53,1,29,0,"Anger",50
53,1,29,0,"Sadness",50
53,1,29,0,"Embarrassment",15
53,1,29,0,"Fear",14
53,1,29,0,"Disgust",0
53,1,29,0,"Guilt",15
53,1,29,0,"Offense",0
53,1,29,0,"Contempt",1
53,1,29,0,"Anxiety",49
53,1,29,0,"Alertness",68
53,1,29,0,"Amusement",70
53,1,29,0,"Awe",17
53,1,29,0,"Satisfaction",31
53,1,29,0,"Joy",50
53,1,29,0,"Gratitude",13
53,1,29,0,"Hope",51
53,1,29,0,"Love",84
53,1,29,0,"Pride",15
54,1,34,1,"Anger",29
54,1,34,1,"Sadness",31
54,1,34,1,"Embarrassment",29
54,1,34,1,"Fear",17
54,1,34,1,"Disgust",24
54,1,34,1,"Guilt",25
54,1,34,1,"Offense",30
54,1,34,1,"Contempt",15
54,1,34,1,"Anxiety",21
54,1,34,1,"Alertness",82
54,1,34,1,"Amusement",92
54,1,34,1,"Awe",22
54,1,34,1,"Satisfaction",79
54,1,34,1,"Joy",83
54,1,34,1,"Gratitude",72
54,1,34,1,"Hope",96
54,1,34,1,"Love",94
54,1,34,1,"Pride",32
55,1,27,0,"Anger",50
55,1,27,0,"Sadness",32
55,1,27,0,"Embarrassment",68
55,1,27,0,"Fear",60
55,1,27,0,"Disgust",32
55,1,27,0,"Guilt",38
55,1,27,0,"Offense",25
55,1,27,0,"Contempt",61
55,1,27,0,"Anxiety",59
55,1,27,0,"Alertness",68
55,1,27,0,"Amusement",73
55,1,27,0,"Awe",61
55,1,27,0,"Satisfaction",65
55,1,27,0,"Joy",39
55,1,27,0,"Gratitude",67
55,1,27,0,"Hope",67
55,1,27,0,"Love",83
55,1,27,0,"Pride",77
56,2,30,0,"Anger",49
56,2,30,0,"Sadness",67
56,2,30,0,"Embarrassment",32
56,2,30,0,"Fear",51
56,2,30,0,"Disgust",50
56,2,30,0,"Guilt",48
56,2,30,0,"Offense",65
56,2,30,0,"Contempt",15
56,2,30,0,"Anxiety",67
56,2,30,0,"Alertness",83
56,2,30,0,"Amusement",84
56,2,30,0,"Awe",14
56,2,30,0,"Satisfaction",68
56,2,30,0,"Joy",50
56,2,30,0,"Gratitude",68
56,2,30,0,"Hope",66
56,2,30,0,"Love",71
56,2,30,0,"Pride",66
57,1,20,1,"Anger",14
57,1,20,1,"Sadness",14
57,1,20,1,"Embarrassment",13
57,1,20,1,"Fear",13
57,1,20,1,"Disgust",14
57,1,20,1,"Guilt",0
57,1,20,1,"Offense",14
57,1,20,1,"Contempt",65
57,1,20,1,"Anxiety",25
57,1,20,1,"Alertness",27
57,1,20,1,"Amusement",65
57,1,20,1,"Awe",50
57,1,20,1,"Satisfaction",66
57,1,20,1,"Joy",69
57,1,20,1,"Gratitude",66
57,1,20,1,"Hope",68
57,1,20,1,"Love",76
57,1,20,1,"Pride",33
58,2,69,1,"Anger",16
58,2,69,1,"Sadness",68
58,2,69,1,"Embarrassment",18
58,2,69,1,"Fear",31
58,2,69,1,"Disgust",33
58,2,69,1,"Guilt",15
58,2,69,1,"Offense",2
58,2,69,1,"Contempt",31
58,2,69,1,"Anxiety",34
58,2,69,1,"Alertness",71
58,2,69,1,"Amusement",17
58,2,69,1,"Awe",7
58,2,69,1,"Satisfaction",34
58,2,69,1,"Joy",2
58,2,69,1,"Gratitude",12
58,2,69,1,"Hope",8
58,2,69,1,"Love",3
58,2,69,1,"Pride",17
59,2,48,1,"Anger",26
59,2,48,1,"Sadness",4
59,2,48,1,"Embarrassment",24
59,2,48,1,"Fear",5
59,2,48,1,"Disgust",32
59,2,48,1,"Guilt",26
59,2,48,1,"Offense",3
59,2,48,1,"Contempt",15
59,2,48,1,"Anxiety",3
59,2,48,1,"Alertness",98
59,2,48,1,"Amusement",77
59,2,48,1,"Awe",82
59,2,48,1,"Satisfaction",94
59,2,48,1,"Joy",100
59,2,48,1,"Gratitude",69
59,2,48,1,"Hope",87
59,2,48,1,"Love",26
59,2,48,1,"Pride",83
60,1,32,0,"Anger",70
60,1,32,0,"Sadness",50
60,1,32,0,"Embarrassment",50
60,1,32,0,"Fear",51
60,1,32,0,"Disgust",68
60,1,32,0,"Guilt",68
60,1,32,0,"Offense",69
60,1,32,0,"Contempt",68
60,1,32,0,"Anxiety",66
60,1,32,0,"Alertness",84
60,1,32,0,"Amusement",85
60,1,32,0,"Awe",34
60,1,32,0,"Satisfaction",86
60,1,32,0,"Joy",67
60,1,32,0,"Gratitude",69
60,1,32,0,"Hope",85
60,1,32,0,"Love",52
60,1,32,0,"Pride",85
61,2,52,1,"Anger",43
61,2,52,1,"Sadness",48
61,2,52,1,"Embarrassment",30
61,2,52,1,"Fear",47
61,2,52,1,"Disgust",28
61,2,52,1,"Guilt",48
61,2,52,1,"Offense",28
61,2,52,1,"Contempt",27
61,2,52,1,"Anxiety",37
61,2,52,1,"Alertness",83
61,2,52,1,"Amusement",70
61,2,52,1,"Awe",33
61,2,52,1,"Satisfaction",85
61,2,52,1,"Joy",77
61,2,52,1,"Gratitude",85
61,2,52,1,"Hope",83
61,2,52,1,"Love",87
61,2,52,1,"Pride",52
62,1,26,0,"Anger",84
62,1,26,0,"Sadness",50
62,1,26,0,"Embarrassment",62
62,1,26,0,"Fear",45
62,1,26,0,"Disgust",63
62,1,26,0,"Guilt",25
62,1,26,0,"Offense",72
62,1,26,0,"Contempt",57
62,1,26,0,"Anxiety",33
62,1,26,0,"Alertness",28
62,1,26,0,"Amusement",32
62,1,26,0,"Awe",60
62,1,26,0,"Satisfaction",32
62,1,26,0,"Joy",43
62,1,26,0,"Gratitude",79
62,1,26,0,"Hope",65
62,1,26,0,"Love",35
62,1,26,0,"Pride",73
63,2,27,0,"Anger",15
63,2,27,0,"Sadness",33
63,2,27,0,"Embarrassment",28
63,2,27,0,"Fear",28
63,2,27,0,"Disgust",13
63,2,27,0,"Guilt",31
63,2,27,0,"Offense",30
63,2,27,0,"Contempt",14
63,2,27,0,"Anxiety",12
63,2,27,0,"Alertness",66
63,2,27,0,"Amusement",85
63,2,27,0,"Awe",66
63,2,27,0,"Satisfaction",49
63,2,27,0,"Joy",82
63,2,27,0,"Gratitude",53
63,2,27,0,"Hope",49
63,2,27,0,"Love",67
63,2,27,0,"Pride",30
64,1,24,0,"Anger",8
64,1,24,0,"Sadness",48
64,1,24,0,"Embarrassment",7
64,1,24,0,"Fear",4
64,1,24,0,"Disgust",50
64,1,24,0,"Guilt",50
64,1,24,0,"Offense",42
64,1,24,0,"Contempt",50
64,1,24,0,"Anxiety",48
64,1,24,0,"Alertness",50
64,1,24,0,"Amusement",13
64,1,24,0,"Awe",50
64,1,24,0,"Satisfaction",50
64,1,24,0,"Joy",7
64,1,24,0,"Gratitude",50
64,1,24,0,"Hope",50
64,1,24,0,"Love",7
64,1,24,0,"Pride",50
65,1,22,0,"Anger",29
65,1,22,0,"Sadness",34
65,1,22,0,"Embarrassment",50
65,1,22,0,"Fear",49
65,1,22,0,"Disgust",30
65,1,22,0,"Guilt",32
65,1,22,0,"Offense",1
65,1,22,0,"Contempt",50
65,1,22,0,"Anxiety",69
65,1,22,0,"Alertness",82
65,1,22,0,"Amusement",86
65,1,22,0,"Awe",50
65,1,22,0,"Satisfaction",66
65,1,22,0,"Joy",85
65,1,22,0,"Gratitude",70
65,1,22,0,"Hope",69
65,1,22,0,"Love",50
65,1,22,0,"Pride",50
66,1,53,0,"Anger",50
66,1,53,0,"Sadness",80
66,1,53,0,"Embarrassment",70
66,1,53,0,"Fear",50
66,1,53,0,"Disgust",35
66,1,53,0,"Guilt",60
66,1,53,0,"Offense",50
66,1,53,0,"Contempt",45
66,1,53,0,"Anxiety",84
66,1,53,0,"Alertness",82
66,1,53,0,"Amusement",80
66,1,53,0,"Awe",35
66,1,53,0,"Satisfaction",69
66,1,53,0,"Joy",64
66,1,53,0,"Gratitude",77
66,1,53,0,"Hope",68
66,1,53,0,"Love",78
66,1,53,0,"Pride",69
67,2,41,1,"Anger",31
67,2,41,1,"Sadness",50
67,2,41,1,"Embarrassment",32
67,2,41,1,"Fear",29
67,2,41,1,"Disgust",49
67,2,41,1,"Guilt",30
67,2,41,1,"Offense",34
67,2,41,1,"Contempt",32
67,2,41,1,"Anxiety",32
67,2,41,1,"Alertness",85
67,2,41,1,"Amusement",71
67,2,41,1,"Awe",31
67,2,41,1,"Satisfaction",86
67,2,41,1,"Joy",86
67,2,41,1,"Gratitude",67
67,2,41,1,"Hope",86
67,2,41,1,"Love",85
67,2,41,1,"Pride",50
68,2,37,0,"Anger",66
68,2,37,0,"Sadness",44
68,2,37,0,"Embarrassment",27
68,2,37,0,"Fear",48
68,2,37,0,"Disgust",42
68,2,37,0,"Guilt",37
68,2,37,0,"Offense",47
68,2,37,0,"Contempt",34
68,2,37,0,"Anxiety",67
68,2,37,0,"Alertness",86
68,2,37,0,"Amusement",66
68,2,37,0,"Awe",33
68,2,37,0,"Satisfaction",67
68,2,37,0,"Joy",71
68,2,37,0,"Gratitude",75
68,2,37,0,"Hope",69
68,2,37,0,"Love",100
68,2,37,0,"Pride",62
69,2,57,0,"Anger",26
69,2,57,0,"Sadness",50
69,2,57,0,"Embarrassment",17
69,2,57,0,"Fear",30
69,2,57,0,"Disgust",33
69,2,57,0,"Guilt",30
69,2,57,0,"Offense",29
69,2,57,0,"Contempt",16
69,2,57,0,"Anxiety",50
69,2,57,0,"Alertness",67
69,2,57,0,"Amusement",69
69,2,57,0,"Awe",84
69,2,57,0,"Satisfaction",72
69,2,57,0,"Joy",71
69,2,57,0,"Gratitude",100
69,2,57,0,"Hope",85
69,2,57,0,"Love",87
69,2,57,0,"Pride",74
70,2,43,0,"Anger",59
70,2,43,0,"Sadness",55
70,2,43,0,"Embarrassment",36
70,2,43,0,"Fear",45
70,2,43,0,"Disgust",53
70,2,43,0,"Guilt",41
70,2,43,0,"Offense",25
70,2,43,0,"Contempt",28
70,2,43,0,"Anxiety",67
70,2,43,0,"Alertness",97
70,2,43,0,"Amusement",85
70,2,43,0,"Awe",84
70,2,43,0,"Satisfaction",85
70,2,43,0,"Joy",83
70,2,43,0,"Gratitude",86
70,2,43,0,"Hope",89
70,2,43,0,"Love",98
70,2,43,0,"Pride",76
71,1,30,1,"Anger",16
71,1,30,1,"Sadness",16
71,1,30,1,"Embarrassment",14
71,1,30,1,"Fear",16
71,1,30,1,"Disgust",15
71,1,30,1,"Guilt",16
71,1,30,1,"Offense",15
71,1,30,1,"Contempt",15
71,1,30,1,"Anxiety",34
71,1,30,1,"Alertness",85
71,1,30,1,"Amusement",84
71,1,30,1,"Awe",34
71,1,30,1,"Satisfaction",67
71,1,30,1,"Joy",69
71,1,30,1,"Gratitude",50
71,1,30,1,"Hope",84
71,1,30,1,"Love",50
71,1,30,1,"Pride",50
72,1,25,1,"Anger",34
72,1,25,1,"Sadness",84
72,1,25,1,"Embarrassment",50
72,1,25,1,"Fear",33
72,1,25,1,"Disgust",50
72,1,25,1,"Guilt",33
72,1,25,1,"Offense",33
72,1,25,1,"Contempt",67
72,1,25,1,"Anxiety",85
72,1,25,1,"Alertness",67
72,1,25,1,"Amusement",85
72,1,25,1,"Awe",32
72,1,25,1,"Satisfaction",85
72,1,25,1,"Joy",68
72,1,25,1,"Gratitude",67
72,1,25,1,"Hope",85
72,1,25,1,"Love",65
72,1,25,1,"Pride",66
73,2,33,0,"Anger",1
73,2,33,0,"Sadness",23
73,2,33,0,"Embarrassment",11
73,2,33,0,"Fear",1
73,2,33,0,"Disgust",10
73,2,33,0,"Guilt",11
73,2,33,0,"Offense",3
73,2,33,0,"Contempt",3
73,2,33,0,"Anxiety",1
73,2,33,0,"Alertness",99
73,2,33,0,"Amusement",51
73,2,33,0,"Awe",16
73,2,33,0,"Satisfaction",85
73,2,33,0,"Joy",80
73,2,33,0,"Gratitude",84
73,2,33,0,"Hope",100
73,2,33,0,"Love",100
73,2,33,0,"Pride",29
74,2,28,1,"Anger",50
74,2,28,1,"Sadness",68
74,2,28,1,"Embarrassment",33
74,2,28,1,"Fear",32
74,2,28,1,"Disgust",52
74,2,28,1,"Guilt",67
74,2,28,1,"Offense",43
74,2,28,1,"Contempt",37
74,2,28,1,"Anxiety",50
74,2,28,1,"Alertness",85
74,2,28,1,"Amusement",85
74,2,28,1,"Awe",66
74,2,28,1,"Satisfaction",82
74,2,28,1,"Joy",84
74,2,28,1,"Gratitude",85
74,2,28,1,"Hope",85
74,2,28,1,"Love",85
74,2,28,1,"Pride",85
75,2,39,0,"Anger",68
75,2,39,0,"Sadness",84
75,2,39,0,"Embarrassment",65
75,2,39,0,"Fear",84
75,2,39,0,"Disgust",27
75,2,39,0,"Guilt",35
75,2,39,0,"Offense",33
75,2,39,0,"Contempt",50
75,2,39,0,"Anxiety",98
75,2,39,0,"Alertness",78
75,2,39,0,"Amusement",31
75,2,39,0,"Awe",63
75,2,39,0,"Satisfaction",63
75,2,39,0,"Joy",65
75,2,39,0,"Gratitude",65
75,2,39,0,"Hope",64
75,2,39,0,"Love",85
75,2,39,0,"Pride",50
76,1,33,1,"Anger",32
76,1,33,1,"Sadness",32
76,1,33,1,"Embarrassment",16
76,1,33,1,"Fear",31
76,1,33,1,"Disgust",15
76,1,33,1,"Guilt",29
76,1,33,1,"Offense",41
76,1,33,1,"Contempt",79
76,1,33,1,"Anxiety",32
76,1,33,1,"Alertness",93
76,1,33,1,"Amusement",85
76,1,33,1,"Awe",66
76,1,33,1,"Satisfaction",85
76,1,33,1,"Joy",72
76,1,33,1,"Gratitude",85
76,1,33,1,"Hope",66
76,1,33,1,"Love",77
76,1,33,1,"Pride",69
77,1,31,1,"Anger",29
77,1,31,1,"Sadness",44
77,1,31,1,"Embarrassment",72
77,1,31,1,"Fear",73
77,1,31,1,"Disgust",38
77,1,31,1,"Guilt",58
77,1,31,1,"Offense",23
77,1,31,1,"Contempt",28
77,1,31,1,"Anxiety",6
77,1,31,1,"Alertness",18
77,1,31,1,"Amusement",70
77,1,31,1,"Awe",78
77,1,31,1,"Satisfaction",30
77,1,31,1,"Joy",77
77,1,31,1,"Gratitude",33
77,1,31,1,"Hope",70
77,1,31,1,"Love",36
77,1,31,1,"Pride",75
78,2,29,0,"Anger",35
78,2,29,0,"Sadness",15
78,2,29,0,"Embarrassment",23
78,2,29,0,"Fear",17
78,2,29,0,"Disgust",32
78,2,29,0,"Guilt",14
78,2,29,0,"Offense",21
78,2,29,0,"Contempt",14
78,2,29,0,"Anxiety",32
78,2,29,0,"Alertness",70
78,2,29,0,"Amusement",68
78,2,29,0,"Awe",19
78,2,29,0,"Satisfaction",50
78,2,29,0,"Joy",65
78,2,29,0,"Gratitude",64
78,2,29,0,"Hope",50
78,2,29,0,"Love",66
78,2,29,0,"Pride",32
79,2,40,0,"Anger",32
79,2,40,0,"Sadness",32
79,2,40,0,"Embarrassment",49
79,2,40,0,"Fear",20
79,2,40,0,"Disgust",64
79,2,40,0,"Guilt",49
79,2,40,0,"Offense",0
79,2,40,0,"Contempt",85
79,2,40,0,"Anxiety",2
79,2,40,0,"Alertness",100
79,2,40,0,"Amusement",68
79,2,40,0,"Awe",67
79,2,40,0,"Satisfaction",82
79,2,40,0,"Joy",85
79,2,40,0,"Gratitude",100
79,2,40,0,"Hope",30
79,2,40,0,"Love",100
79,2,40,0,"Pride",0
80,2,31,0,"Anger",31
80,2,31,0,"Sadness",48
80,2,31,0,"Embarrassment",50
80,2,31,0,"Fear",31
80,2,31,0,"Disgust",31
80,2,31,0,"Guilt",49
80,2,31,0,"Offense",31
80,2,31,0,"Contempt",31
80,2,31,0,"Anxiety",68
80,2,31,0,"Alertness",100
80,2,31,0,"Amusement",85
80,2,31,0,"Awe",30
80,2,31,0,"Satisfaction",85
80,2,31,0,"Joy",100
80,2,31,0,"Gratitude",100
80,2,31,0,"Hope",100
80,2,31,0,"Love",100
80,2,31,0,"Pride",68
81,1,23,1,"Anger",66
81,1,23,1,"Sadness",68
81,1,23,1,"Embarrassment",49
81,1,23,1,"Fear",50
81,1,23,1,"Disgust",50
81,1,23,1,"Guilt",50
81,1,23,1,"Offense",50
81,1,23,1,"Contempt",50
81,1,23,1,"Anxiety",84
81,1,23,1,"Alertness",87
81,1,23,1,"Amusement",70
81,1,23,1,"Awe",32
81,1,23,1,"Satisfaction",67
81,1,23,1,"Joy",69
81,1,23,1,"Gratitude",69
81,1,23,1,"Hope",50
81,1,23,1,"Love",85
81,1,23,1,"Pride",32
82,1,27,1,"Anger",50
82,1,27,1,"Sadness",67
82,1,27,1,"Embarrassment",16
82,1,27,1,"Fear",0
82,1,27,1,"Disgust",0
82,1,27,1,"Guilt",32
82,1,27,1,"Offense",0
82,1,27,1,"Contempt",15
82,1,27,1,"Anxiety",0
82,1,27,1,"Alertness",32
82,1,27,1,"Amusement",32
82,1,27,1,"Awe",50
82,1,27,1,"Satisfaction",34
82,1,27,1,"Joy",51
82,1,27,1,"Gratitude",34
82,1,27,1,"Hope",100
82,1,27,1,"Love",100
82,1,27,1,"Pride",15
83,1,58,0,"Anger",33
83,1,58,0,"Sadness",84
83,1,58,0,"Embarrassment",31
83,1,58,0,"Fear",49
83,1,58,0,"Disgust",29
83,1,58,0,"Guilt",31
83,1,58,0,"Offense",47
83,1,58,0,"Contempt",50
83,1,58,0,"Anxiety",67
83,1,58,0,"Alertness",100
83,1,58,0,"Amusement",67
83,1,58,0,"Awe",49
83,1,58,0,"Satisfaction",67
83,1,58,0,"Joy",83
83,1,58,0,"Gratitude",83
83,1,58,0,"Hope",66
83,1,58,0,"Love",84
83,1,58,0,"Pride",50
84,2,54,0,"Anger",72
84,2,54,0,"Sadness",26
84,2,54,0,"Embarrassment",50
84,2,54,0,"Fear",14
84,2,54,0,"Disgust",28
84,2,54,0,"Guilt",84
84,2,54,0,"Offense",50
84,2,54,0,"Contempt",33
84,2,54,0,"Anxiety",28
84,2,54,0,"Alertness",84
84,2,54,0,"Amusement",84
84,2,54,0,"Awe",67
84,2,54,0,"Satisfaction",84
84,2,54,0,"Joy",85
84,2,54,0,"Gratitude",84
84,2,54,0,"Hope",85
84,2,54,0,"Love",84
84,2,54,0,"Pride",72
85,2,30,1,"Anger",49
85,2,30,1,"Sadness",68
85,2,30,1,"Embarrassment",100
85,2,30,1,"Fear",51
85,2,30,1,"Disgust",33
85,2,30,1,"Guilt",50
85,2,30,1,"Offense",14
85,2,30,1,"Contempt",18
85,2,30,1,"Anxiety",99
85,2,30,1,"Alertness",16
85,2,30,1,"Amusement",66
85,2,30,1,"Awe",0
85,2,30,1,"Satisfaction",1
85,2,30,1,"Joy",85
85,2,30,1,"Gratitude",15
85,2,30,1,"Hope",1
85,2,30,1,"Love",50
85,2,30,1,"Pride",0
86,1,43,1,"Anger",48
86,1,43,1,"Sadness",48
86,1,43,1,"Embarrassment",48
86,1,43,1,"Fear",85
86,1,43,1,"Disgust",30
86,1,43,1,"Guilt",46
86,1,43,1,"Offense",45
86,1,43,1,"Contempt",28
86,1,43,1,"Anxiety",92
86,1,43,1,"Alertness",94
86,1,43,1,"Amusement",85
86,1,43,1,"Awe",67
86,1,43,1,"Satisfaction",86
86,1,43,1,"Joy",85
86,1,43,1,"Gratitude",93
86,1,43,1,"Hope",66
86,1,43,1,"Love",100
86,1,43,1,"Pride",57
87,1,55,1,"Anger",49
87,1,55,1,"Sadness",50
87,1,55,1,"Embarrassment",49
87,1,55,1,"Fear",50
87,1,55,1,"Disgust",48
87,1,55,1,"Guilt",50
87,1,55,1,"Offense",49
87,1,55,1,"Contempt",50
87,1,55,1,"Anxiety",50
87,1,55,1,"Alertness",50
87,1,55,1,"Amusement",50
87,1,55,1,"Awe",50
87,1,55,1,"Satisfaction",50
87,1,55,1,"Joy",50
87,1,55,1,"Gratitude",48
87,1,55,1,"Hope",50
87,1,55,1,"Love",50
87,1,55,1,"Pride",49
88,2,25,1,"Anger",69
88,2,25,1,"Sadness",71
88,2,25,1,"Embarrassment",38
88,2,25,1,"Fear",35
88,2,25,1,"Disgust",69
88,2,25,1,"Guilt",4
88,2,25,1,"Offense",51
88,2,25,1,"Contempt",50
88,2,25,1,"Anxiety",72
88,2,25,1,"Alertness",87
88,2,25,1,"Amusement",70
88,2,25,1,"Awe",86
88,2,25,1,"Satisfaction",85
88,2,25,1,"Joy",85
88,2,25,1,"Gratitude",82
88,2,25,1,"Hope",83
88,2,25,1,"Love",84
88,2,25,1,"Pride",86
89,2,26,1,"Anger",30
89,2,26,1,"Sadness",50
89,2,26,1,"Embarrassment",5
89,2,26,1,"Fear",3
89,2,26,1,"Disgust",7
89,2,26,1,"Guilt",12
89,2,26,1,"Offense",50
89,2,26,1,"Contempt",32
89,2,26,1,"Anxiety",14
89,2,26,1,"Alertness",85
89,2,26,1,"Amusement",69
89,2,26,1,"Awe",70
89,2,26,1,"Satisfaction",69
89,2,26,1,"Joy",70
89,2,26,1,"Gratitude",85
89,2,26,1,"Hope",84
89,2,26,1,"Love",85
89,2,26,1,"Pride",16
90,2,20,1,"Anger",76
90,2,20,1,"Sadness",64
90,2,20,1,"Embarrassment",63
90,2,20,1,"Fear",64
90,2,20,1,"Disgust",66
90,2,20,1,"Guilt",54
90,2,20,1,"Offense",76
90,2,20,1,"Contempt",59
90,2,20,1,"Anxiety",84
90,2,20,1,"Alertness",85
90,2,20,1,"Amusement",100
90,2,20,1,"Awe",42
90,2,20,1,"Satisfaction",83
90,2,20,1,"Joy",77
90,2,20,1,"Gratitude",83
90,2,20,1,"Hope",82
90,2,20,1,"Love",92
90,2,20,1,"Pride",83
91,1,26,0,"Anger",50
91,1,26,0,"Sadness",67
91,1,26,0,"Embarrassment",50
91,1,26,0,"Fear",50
91,1,26,0,"Disgust",50
91,1,26,0,"Guilt",65
91,1,26,0,"Offense",49
91,1,26,0,"Contempt",57
91,1,26,0,"Anxiety",67
91,1,26,0,"Alertness",68
91,1,26,0,"Amusement",32
91,1,26,0,"Awe",15
91,1,26,0,"Satisfaction",30
91,1,26,0,"Joy",34
91,1,26,0,"Gratitude",17
91,1,26,0,"Hope",84
91,1,26,0,"Love",15
91,1,26,0,"Pride",50
92,1,37,0,"Anger",50
92,1,37,0,"Sadness",30
92,1,37,0,"Embarrassment",30
92,1,37,0,"Fear",25
92,1,37,0,"Disgust",50
92,1,37,0,"Guilt",43
92,1,37,0,"Offense",35
92,1,37,0,"Contempt",19
92,1,37,0,"Anxiety",57
92,1,37,0,"Alertness",75
92,1,37,0,"Amusement",76
92,1,37,0,"Awe",42
92,1,37,0,"Satisfaction",86
92,1,37,0,"Joy",78
92,1,37,0,"Gratitude",93
92,1,37,0,"Hope",84
92,1,37,0,"Love",92
92,1,37,0,"Pride",68
93,2,41,1,"Anger",65
93,2,41,1,"Sadness",70
93,2,41,1,"Embarrassment",50
93,2,41,1,"Fear",70
93,2,41,1,"Disgust",65
93,2,41,1,"Guilt",65
93,2,41,1,"Offense",50
93,2,41,1,"Contempt",50
93,2,41,1,"Anxiety",71
93,2,41,1,"Alertness",62
93,2,41,1,"Amusement",62
93,2,41,1,"Awe",34
93,2,41,1,"Satisfaction",50
93,2,41,1,"Joy",50
93,2,41,1,"Gratitude",50
93,2,41,1,"Hope",48
93,2,41,1,"Love",100
93,2,41,1,"Pride",50
94,2,24,1,"Anger",55
94,2,24,1,"Sadness",71
94,2,24,1,"Embarrassment",50
94,2,24,1,"Fear",58
94,2,24,1,"Disgust",46
94,2,24,1,"Guilt",67
94,2,24,1,"Offense",46
94,2,24,1,"Contempt",54
94,2,24,1,"Anxiety",92
94,2,24,1,"Alertness",91
94,2,24,1,"Amusement",94
94,2,24,1,"Awe",80
94,2,24,1,"Satisfaction",87
94,2,24,1,"Joy",92
94,2,24,1,"Gratitude",63
94,2,24,1,"Hope",75
94,2,24,1,"Love",90
94,2,24,1,"Pride",82
95,2,33,1,"Anger",66
95,2,33,1,"Sadness",68
95,2,33,1,"Embarrassment",50
95,2,33,1,"Fear",65
95,2,33,1,"Disgust",65
95,2,33,1,"Guilt",65
95,2,33,1,"Offense",31
95,2,33,1,"Contempt",30
95,2,33,1,"Anxiety",83
95,2,33,1,"Alertness",82
95,2,33,1,"Amusement",83
95,2,33,1,"Awe",65
95,2,33,1,"Satisfaction",50
95,2,33,1,"Joy",65
95,2,33,1,"Gratitude",83
95,2,33,1,"Hope",50
95,2,33,1,"Love",82
95,2,33,1,"Pride",63
96,2,26,1,"Anger",50
96,2,26,1,"Sadness",68
96,2,26,1,"Embarrassment",35
96,2,26,1,"Fear",51
96,2,26,1,"Disgust",33
96,2,26,1,"Guilt",24
96,2,26,1,"Offense",50
96,2,26,1,"Contempt",33
96,2,26,1,"Anxiety",69
96,2,26,1,"Alertness",85
96,2,26,1,"Amusement",85
96,2,26,1,"Awe",16
96,2,26,1,"Satisfaction",68
96,2,26,1,"Joy",85
96,2,26,1,"Gratitude",68
96,2,26,1,"Hope",51
96,2,26,1,"Love",84
96,2,26,1,"Pride",50
97,2,23,0,"Anger",33
97,2,23,0,"Sadness",17
97,2,23,0,"Embarrassment",33
97,2,23,0,"Fear",0
97,2,23,0,"Disgust",33
97,2,23,0,"Guilt",17
97,2,23,0,"Offense",32
97,2,23,0,"Contempt",15
97,2,23,0,"Anxiety",50
97,2,23,0,"Alertness",98
97,2,23,0,"Amusement",99
97,2,23,0,"Awe",85
97,2,23,0,"Satisfaction",85
97,2,23,0,"Joy",100
97,2,23,0,"Gratitude",85
97,2,23,0,"Hope",100
97,2,23,0,"Love",100
97,2,23,0,"Pride",99
98,1,51,0,"Anger",85
98,1,51,0,"Sadness",64
98,1,51,0,"Embarrassment",49
98,1,51,0,"Fear",50
98,1,51,0,"Disgust",67
98,1,51,0,"Guilt",68
98,1,51,0,"Offense",70
98,1,51,0,"Contempt",85
98,1,51,0,"Anxiety",69
98,1,51,0,"Alertness",71
98,1,51,0,"Amusement",66
98,1,51,0,"Awe",28
98,1,51,0,"Satisfaction",67
98,1,51,0,"Joy",65
98,1,51,0,"Gratitude",50
98,1,51,0,"Hope",66
98,1,51,0,"Love",85
98,1,51,0,"Pride",65
99,2,44,1,"Anger",47
99,2,44,1,"Sadness",53
99,2,44,1,"Embarrassment",28
99,2,44,1,"Fear",28
99,2,44,1,"Disgust",42
99,2,44,1,"Guilt",24
99,2,44,1,"Offense",47
99,2,44,1,"Contempt",57
99,2,44,1,"Anxiety",39
99,2,44,1,"Alertness",85
99,2,44,1,"Amusement",81
99,2,44,1,"Awe",31
99,2,44,1,"Satisfaction",70
99,2,44,1,"Joy",95
99,2,44,1,"Gratitude",66
99,2,44,1,"Hope",90
99,2,44,1,"Love",88
99,2,44,1,"Pride",21
100,2,31,1,"Anger",45
100,2,31,1,"Sadness",30
100,2,31,1,"Embarrassment",50
100,2,31,1,"Fear",32
100,2,31,1,"Disgust",50
100,2,31,1,"Guilt",13
100,2,31,1,"Offense",2
100,2,31,1,"Contempt",85
100,2,31,1,"Anxiety",65
100,2,31,1,"Alertness",99
100,2,31,1,"Amusement",100
100,2,31,1,"Awe",85
100,2,31,1,"Satisfaction",100
100,2,31,1,"Joy",100
100,2,31,1,"Gratitude",99
100,2,31,1,"Hope",86
100,2,31,1,"Love",100
100,2,31,1,"Pride",67
101,2,29,1,"Anger",49
101,2,29,1,"Sadness",51
101,2,29,1,"Embarrassment",67
101,2,29,1,"Fear",43
101,2,29,1,"Disgust",32
101,2,29,1,"Guilt",32
101,2,29,1,"Offense",32
101,2,29,1,"Contempt",23
101,2,29,1,"Anxiety",68
101,2,29,1,"Alertness",99
101,2,29,1,"Amusement",99
101,2,29,1,"Awe",68
101,2,29,1,"Satisfaction",83
101,2,29,1,"Joy",99
101,2,29,1,"Gratitude",85
101,2,29,1,"Hope",85
101,2,29,1,"Love",100
101,2,29,1,"Pride",85
102,1,21,1,"Anger",52
102,1,21,1,"Sadness",50
102,1,21,1,"Embarrassment",34
102,1,21,1,"Fear",50
102,1,21,1,"Disgust",49
102,1,21,1,"Guilt",12
102,1,21,1,"Offense",50
102,1,21,1,"Contempt",50
102,1,21,1,"Anxiety",50
102,1,21,1,"Alertness",10
102,1,21,1,"Amusement",14
102,1,21,1,"Awe",85
102,1,21,1,"Satisfaction",100
102,1,21,1,"Joy",100
102,1,21,1,"Gratitude",100
102,1,21,1,"Hope",87
102,1,21,1,"Love",100
102,1,21,1,"Pride",100
